	name	num_classes	num_features	num_instances	number	score	time_cap
0	1027_ESL	-1	4	488	1	0.8499232544492512	14400
1	1028_SWD	-1	10	1000	2	0.34205998236941604	14400
